{
  "metrics": {
    "rouge": {
      "rouge1": 0.33177288823684875,
      "rouge2": 0.10640416317547242,
      "rougeL": 0.24557973140796233
    },
    "length_stats": {
      "pred_length_avg": 31.07,
      "pred_length_std": 7.977787913952087,
      "ref_length_avg": 20.16,
      "ref_length_std": 10.547720132805953
    },
    "individual_scores": {
      "rouge1": [
        0.43902439024390244,
        0.34146341463414637,
        0.32258064516129037,
        0.2051282051282051,
        0.32911392405063294,
        0.44036697247706424,
        0.20338983050847456,
        0.12,
        0.4,
        0.5925925925925926,
        0.3636363636363637,
        0.35294117647058826,
        0.425531914893617,
        0.20408163265306123,
        0.39999999999999997,
        0.28125,
        0.3125,
        0.3666666666666667,
        0.196078431372549,
        0.6808510638297872,
        0.5194805194805195,
        0.26865671641791045,
        0.11940298507462685,
        0.26666666666666666,
        0.3225806451612903,
        0.3764705882352941,
        0.1935483870967742,
        0.45833333333333337,
        0.5,
        0.42857142857142855,
        0.25,
        0.1111111111111111,
        0.375,
        0.47058823529411764,
        0.3846153846153846,
        0.19512195121951217,
        0.25,
        0.30303030303030304,
        0.2173913043478261,
        0.28125000000000006,
        0.13043478260869568,
        0.2222222222222222,
        0.3333333333333333,
        0.3783783783783784,
        0.4,
        0.2692307692307693,
        0.2857142857142857,
        0.1935483870967742,
        0.3333333333333333,
        0.3529411764705882,
        0.3235294117647059,
        0.30769230769230765,
        0.5238095238095237,
        0.45833333333333337,
        0.36363636363636365,
        0.8363636363636364,
        0.17391304347826086,
        0.3157894736842105,
        0.4533333333333333,
        0.15384615384615385,
        0.25,
        0.27272727272727276,
        0.28571428571428575,
        0.6176470588235294,
        0.28125,
        0.32558139534883723,
        0.2,
        0.4090909090909091,
        0.33333333333333337,
        0.3666666666666667,
        0.43137254901960786,
        0.3157894736842105,
        0.23529411764705885,
        0.33333333333333326,
        0.04,
        0.5405405405405406,
        0.25396825396825395,
        0.3170731707317073,
        0.40816326530612246,
        0.23076923076923078,
        0.25806451612903225,
        0.326530612244898,
        0.5142857142857142,
        0.3508771929824562,
        0.5490196078431372,
        0.26506024096385544,
        0.5483870967741935,
        0.2105263157894737,
        0.3582089552238806,
        0.25,
        0.33333333333333337,
        0.21875,
        0.18823529411764706,
        0.3783783783783784,
        0.5818181818181819,
        0.4912280701754386,
        0.125,
        0.1702127659574468,
        0.3243243243243243,
        0.20833333333333334
      ],
      "rouge2": [
        0.10256410256410255,
        0.10256410256410255,
        0.0,
        0.0,
        0.05194805194805195,
        0.18691588785046728,
        0.03508771929824562,
        0.0,
        0.125,
        0.3076923076923077,
        0.15094339622641512,
        0.20408163265306123,
        0.17777777777777776,
        0.1276595744680851,
        0.08823529411764705,
        0.0,
        0.13333333333333333,
        0.1724137931034483,
        0.04081632653061224,
        0.3555555555555555,
        0.21333333333333335,
        0.0,
        0.0,
        0.04651162790697674,
        0.10000000000000002,
        0.0963855421686747,
        0.0,
        0.13043478260869565,
        0.21212121212121213,
        0.20588235294117646,
        0.052631578947368425,
        0.0,
        0.06666666666666667,
        0.125,
        0.1568627450980392,
        0.05128205128205128,
        0.052631578947368425,
        0.12903225806451613,
        0.04545454545454545,
        0.16129032258064516,
        0.0,
        0.058823529411764705,
        0.028571428571428567,
        0.11428571428571428,
        0.052631578947368425,
        0.0,
        0.0,
        0.0,
        0.058823529411764705,
        0.0,
        0.1515151515151515,
        0.05405405405405406,
        0.3,
        0.1739130434782609,
        0.047619047619047616,
        0.7547169811320754,
        0.04545454545454545,
        0.0,
        0.13698630136986303,
        0.0,
        0.06666666666666667,
        0.04761904761904762,
        0.18181818181818182,
        0.3333333333333333,
        0.0967741935483871,
        0.0975609756097561,
        0.052631578947368425,
        0.20930232558139536,
        0.11428571428571428,
        0.17241379310344826,
        0.20408163265306123,
        0.1111111111111111,
        0.12244897959183675,
        0.11538461538461538,
        0.0,
        0.28571428571428575,
        0.03278688524590164,
        0.05,
        0.0851063829787234,
        0.04,
        0.0,
        0.1702127659574468,
        0.2058823529411765,
        0.07272727272727272,
        0.163265306122449,
        0.02469135802469136,
        0.3333333333333333,
        0.0,
        0.15384615384615385,
        0.0,
        0.18181818181818182,
        0.032258064516129024,
        0.048192771084337345,
        0.17142857142857143,
        0.15094339622641512,
        0.32727272727272727,
        0.0,
        0.0,
        0.0,
        0.0
      ],